OrderID,OrderTime,PrepStart,PrepEnd,PickupTime,DeliveryTime,OrderValue,CustomerRating,Item,KitchenStaff,DeliveryPartner
10001,2025-07-21 10:54:00,2025-07-21 10:57:00,2025-07-21 11:15:00,2025-07-21 11:26:00,2025-07-21 12:20:00,617.0,1.0,Fries,Rekha,Suraj
10002,2021-07-25 10:16:00,2021-07-25 10:19:00,2021-07-25 10:32:00,2021-07-25 10:56:00,2021-07-25 11:51:00,494.0,2.0,Biryani,Anita,Amit
10003,2021-07-25 10:19:00,2021-07-25 10:22:00,2021-07-25 10:30:00,2021-07-25 11:08:00,2021-07-25 11:29:00,494.0,2.0,Biryani,Tanya,Amit
10004,2021-07-25 10:57:00,2021-07-25 11:00:00,2021-07-25 11:16:00,2021-07-25 11:37:00,2021-07-25 12:15:00,318.0,2.0,Burger,Tanya,Deepak
10005,2025-07-21 10:36:00,2025-07-21 10:36:00,2025-07-21 11:06:00,2025-07-21 11:14:00,2025-07-21 12:00:00,356.0,2.0,Fries,Ramesh,Manish
10006,2021-07-25 10:31:00,2021-07-25 10:34:00,2021-07-25 10:54:00,2021-07-25 11:01:00,2021-07-25 11:24:00,494.0,2.0,Sandwich,Ajay,Deepak
10007,2021-07-25 10:36:00,2021-07-25 10:39:00,2021-07-25 10:49:00,2021-07-25 11:21:00,2021-07-25 11:27:00,341.0,2.0,Salad,Anita,Amit
10008,2021-07-25 10:50:00,2021-07-25 10:53:00,2021-07-25 11:04:00,2021-07-25 11:38:00,2021-07-25 11:53:00,633.0,1.0,Biryani,Ramesh,Amit
10009,2025-07-21 10:10:00,2025-07-21 10:13:00,2025-07-21 10:33:00,2025-07-21 10:47:00,2025-07-21 11:14:00,622.0,2.0,Wrap,Manish,Deepak
10010,2025-07-21 10:08:00,2025-07-21 10:11:00,2025-07-21 10:18:00,2025-07-21 10:41:00,2025-07-21 11:05:00,494.0,2.0,Pizza,Deepak,Manish
10011,2021-07-25 10:45:00,2021-07-25 10:48:00,2021-07-25 11:01:00,2021-07-25 11:26:00,2021-07-25 12:15:00,614.0,2.0,Burger,Ajay,Deepak
10013,2025-07-21 10:59:00,2025-07-21 11:02:00,2025-07-21 11:14:00,2025-07-21 11:34:00,2025-07-21 12:02:00,311.0,2.0,Burger,Ajay,Manish
10014,2021-07-25 10:08:00,2021-07-25 10:11:00,2021-07-25 10:26:00,2021-07-25 10:47:00,2021-07-25 11:07:00,494.0,2.0,Sandwich,Rekha,Suraj
10015,2021-07-25 10:09:00,2021-07-25 10:12:00,2021-07-25 10:20:00,2021-07-25 10:54:00,2021-07-25 11:25:00,218.0,1.0,Wrap,Ajay,Deepak
10016,2025-07-21 10:19:00,2025-07-21 10:22:00,2025-07-21 10:45:00,2025-07-21 10:59:00,2025-07-21 11:34:00,192.0,2.0,Biryani,Rahul,Amit
10017,2025-07-21 10:54:00,2025-07-21 10:57:00,2025-07-21 11:15:00,2025-07-21 11:24:00,2025-07-21 12:17:00,494.0,3.0,Biryani,Rekha,Deepak
10018,2025-07-21 10:19:00,2025-07-21 10:22:00,2025-07-21 10:41:00,2025-07-21 10:56:00,2025-07-21 11:40:00,494.0,1.0,Wrap,Ajay,Amit
10019,2025-07-21 10:13:00,2025-07-21 10:16:00,2025-07-21 10:36:00,2025-07-21 10:45:00,2025-07-21 11:37:00,190.0,1.0,Pizza,Rahul,Deepak
10020,2021-07-25 10:23:00,2021-07-25 10:26:00,2021-07-25 10:34:00,2021-07-25 10:53:00,2021-07-25 11:38:00,175.0,2.0,Wrap,Ramesh,Deepak
10021,2025-07-21 10:55:00,2025-07-21 10:58:00,2025-07-21 11:10:00,2025-07-21 11:45:00,2025-07-21 12:23:00,530.0,2.0,Burger,Tanya,Amit
10022,2021-07-25 10:08:00,2021-07-25 10:11:00,2021-07-25 10:18:00,2021-07-25 10:52:00,2021-07-25 11:03:00,494.0,2.0,Wrap,Anita,Manish
10023,2025-07-21 10:27:00,2025-07-21 10:30:00,2025-07-21 10:46:00,2025-07-21 11:08:00,2025-07-21 11:27:00,554.0,2.0,Taco,Tanya,Suraj
10024,2021-07-25 10:53:00,2021-07-25 10:56:00,2021-07-25 11:22:00,2021-07-25 11:43:00,2021-07-25 12:25:00,494.0,4.0,Biryani,Ajay,Praveen
10025,2021-07-25 10:27:00,2021-07-25 10:30:00,2021-07-25 10:43:00,2021-07-25 11:14:00,2021-07-25 11:36:00,494.0,2.0,Taco,Anita,Suraj
10026,2025-07-21 10:37:00,2025-07-21 10:40:00,2025-07-21 11:04:00,2025-07-21 11:27:00,2025-07-21 12:04:00,494.0,3.0,Pizza,Tanya,Praveen
10028,2021-07-25 10:08:00,2021-07-25 10:11:00,2021-07-25 10:33:00,2021-07-25 10:42:00,2021-07-25 11:22:00,566.0,3.0,Salad,Deepak,Deepak
10029,2025-07-21 10:11:00,2025-07-21 10:14:00,2025-07-21 10:27:00,2025-07-21 11:01:00,2025-07-21 11:01:00,494.0,2.0,Fries,Ajay,Deepak
10030,2025-07-21 10:17:00,2025-07-21 10:20:00,2025-07-21 10:31:00,2025-07-21 10:52:00,2025-07-21 11:10:00,494.0,2.0,Biryani,Tanya,Suraj
10031,2025-07-21 10:20:00,2025-07-21 10:23:00,2025-07-21 10:32:00,2025-07-21 10:52:00,2025-07-21 11:44:00,494.0,2.0,Pizza,Tanya,Deepak
10032,2025-07-21 10:40:00,2025-07-21 10:43:00,2025-07-21 11:10:00,,2025-07-21 12:06:00,494.0,3.0,Taco,Tanya,Deepak
10033,2021-07-25 10:47:00,2021-07-25 10:50:00,2021-07-25 11:01:00,,2021-07-25 12:07:00,494.0,2.0,Pizza,Tanya,Deepak
10034,2025-07-21 10:01:00,2025-07-21 10:04:00,2025-07-21 10:20:00,2025-07-21 10:33:00,2025-07-21 11:08:00,494.0,2.0,Fries,Anita,Praveen
10036,2021-07-25 10:25:00,2021-07-25 10:28:00,2021-07-25 10:37:00,2021-07-25 10:55:00,2021-07-25 11:35:00,690.0,2.0,Burger,Rekha,Manish
10037,2021-07-25 10:51:00,2021-07-25 10:54:00,2021-07-25 11:09:00,2021-07-25 11:30:00,2021-07-25 11:42:00,494.0,2.0,Biryani,Ajay,Deepak
10039,2025-07-21 10:24:00,2025-07-21 10:27:00,2025-07-21 10:44:00,2025-07-21 11:10:00,2025-07-21 11:52:00,768.0,3.0,Burger,Tanya,Praveen
10041,2025-07-21 10:37:00,2025-07-21 10:40:00,2025-07-21 11:06:00,2025-07-21 11:25:00,2025-07-21 11:35:00,494.0,2.0,Biryani,Rahul,Manish
10042,2021-07-25 10:18:00,2021-07-25 10:21:00,2021-07-25 10:38:00,2021-07-25 11:07:00,2021-07-25 11:51:00,312.0,1.0,Pizza,Rahul,Deepak
10043,2025-07-21 10:42:00,2025-07-21 10:45:00,2025-07-21 10:53:00,2025-07-21 11:32:00,2025-07-21 11:58:00,769.0,2.0,Pizza,Deepak,Deepak
10044,2025-07-21 10:46:00,2025-07-21 10:49:00,2025-07-21 11:11:00,2025-07-21 11:25:00,2025-07-21 12:00:00,494.0,4.0,Sandwich,Rahul,Praveen
10045,2021-07-25 10:02:00,2021-07-25 10:05:00,2021-07-25 10:20:00,2021-07-25 10:47:00,2021-07-25 11:00:00,494.0,2.0,Pizza,Anita,Praveen
10046,2025-07-21 10:04:00,2025-07-21 10:07:00,2025-07-21 10:14:00,,2025-07-21 11:31:00,614.0,3.0,Sandwich,Deepak,Manish
10048,2025-07-21 10:32:00,2025-07-21 10:32:00,2025-07-21 10:55:00,2025-07-21 11:14:00,2025-07-21 11:26:00,481.0,4.0,Biryani,Tanya,Amit
10049,2021-07-25 10:05:00,2021-07-25 10:08:00,2021-07-25 10:31:00,2021-07-25 10:53:00,2021-07-25 10:55:00,494.0,2.0,Taco,Anita,Amit
10051,2025-07-21 10:01:00,2025-07-21 10:04:00,2025-07-21 10:29:00,2025-07-21 10:49:00,2025-07-21 11:15:00,340.0,3.0,Wrap,Rekha,Praveen
10052,2021-07-25 10:32:00,2021-07-25 10:35:00,2021-07-25 10:51:00,2021-07-25 11:07:00,2021-07-25 11:53:00,208.0,2.0,Burger,Anita,Praveen
10053,2021-07-25 10:20:00,2021-07-25 10:23:00,2021-07-25 10:30:00,2021-07-25 10:55:00,2021-07-25 11:49:00,260.0,2.0,Taco,Ajay,Manish
10055,2021-07-25 10:10:00,2021-07-25 10:13:00,2021-07-25 10:35:00,2021-07-25 10:58:00,2021-07-25 11:21:00,494.0,2.0,Pizza,Anita,Amit
10056,2025-07-21 10:34:00,2025-07-21 10:37:00,2025-07-21 10:58:00,2025-07-21 11:14:00,2025-07-21 12:03:00,494.0,2.0,Fries,Ramesh,Suraj
10057,2021-07-25 10:32:00,2021-07-25 10:35:00,2021-07-25 11:02:00,2021-07-25 11:10:00,2021-07-25 11:54:00,633.0,2.0,Taco,Rekha,Manish
10058,2021-07-25 10:42:00,2021-07-25 10:45:00,2021-07-25 11:00:00,2021-07-25 11:24:00,2021-07-25 12:08:00,494.0,2.0,Wrap,Deepak,Amit
10059,2021-07-25 10:09:00,2021-07-25 10:12:00,2021-07-25 10:20:00,2021-07-25 10:39:00,2021-07-25 11:09:00,494.0,3.0,Sandwich,Tanya,Manish
10061,2021-07-25 10:50:00,2021-07-25 10:53:00,2021-07-25 11:12:00,2021-07-25 11:35:00,2021-07-25 12:12:00,160.0,1.0,Pizza,Manish,Manish
10062,2021-07-25 10:53:00,2021-07-25 10:56:00,2021-07-25 11:10:00,2021-07-25 11:24:00,2021-07-25 12:17:00,494.0,4.0,Taco,Ajay,Praveen
10063,2025-07-21 10:43:00,2025-07-21 10:46:00,2025-07-21 10:58:00,2025-07-21 11:23:00,2025-07-21 11:43:00,439.0,2.0,Fries,Deepak,Deepak
10064,2025-07-21 10:45:00,2025-07-21 10:48:00,2025-07-21 11:00:00,2025-07-21 11:19:00,2025-07-21 11:49:00,348.0,2.0,Pizza,Rekha,Amit
10065,2021-07-25 10:12:00,2021-07-25 10:15:00,2021-07-25 10:24:00,2021-07-25 10:56:00,2021-07-25 11:10:00,572.0,2.0,Fries,Tanya,Amit
10066,2021-07-25 10:51:00,2021-07-25 10:54:00,2021-07-25 11:16:00,2021-07-25 11:35:00,2021-07-25 11:59:00,494.0,2.0,Sandwich,Rahul,Praveen
10067,2021-07-25 10:53:00,2021-07-25 10:56:00,2021-07-25 11:18:00,2021-07-25 11:39:00,2021-07-25 12:15:00,724.0,2.0,Wrap,Anita,Amit
10068,2021-07-25 10:03:00,2021-07-25 10:06:00,2021-07-25 10:25:00,2021-07-25 10:45:00,2021-07-25 11:29:00,494.0,1.0,Taco,Ramesh,Amit
10069,2025-07-21 10:27:00,2025-07-21 10:30:00,2025-07-21 10:45:00,2025-07-21 11:09:00,2025-07-21 11:56:00,253.0,2.0,Taco,Rekha,Praveen
10070,2021-07-25 10:54:00,2021-07-25 10:57:00,2021-07-25 11:05:00,2021-07-25 11:30:00,2021-07-25 12:01:00,494.0,3.0,Sandwich,Anita,Manish
10071,2025-07-21 10:28:00,2025-07-21 10:31:00,2025-07-21 10:48:00,2025-07-21 11:01:00,2025-07-21 11:33:00,238.0,4.0,Pizza,Manish,Suraj
10072,2021-07-25 10:18:00,2021-07-25 10:21:00,2021-07-25 10:39:00,2021-07-25 10:56:00,2021-07-25 11:26:00,621.0,4.0,Fries,Rekha,Praveen
10073,2025-07-21 10:26:00,2025-07-21 10:29:00,2025-07-21 10:44:00,2025-07-21 11:09:00,2025-07-21 11:59:00,494.0,2.0,Fries,Rekha,Manish
10074,2025-07-21 10:35:00,2025-07-21 10:38:00,2025-07-21 10:45:00,2025-07-21 11:11:00,2025-07-21 11:32:00,494.0,2.0,Taco,Anita,Suraj
10075,2021-07-25 10:35:00,2021-07-25 10:38:00,2021-07-25 10:48:00,2021-07-25 11:22:00,2021-07-25 11:41:00,377.0,2.0,Fries,Manish,Manish
10077,2021-07-25 10:47:00,2021-07-25 10:50:00,2021-07-25 11:05:00,2021-07-25 11:20:00,2021-07-25 11:44:00,370.0,3.0,Fries,Ramesh,Praveen
10078,2021-07-25 10:23:00,2021-07-25 10:26:00,2021-07-25 10:40:00,2021-07-25 10:53:00,2021-07-25 11:18:00,528.0,4.0,Wrap,Anita,Praveen
10079,2021-07-25 10:05:00,2021-07-25 10:08:00,2021-07-25 10:25:00,2021-07-25 10:49:00,2021-07-25 11:06:00,425.0,1.0,Fries,Rekha,Praveen
10080,2025-07-21 10:27:00,2025-07-21 10:27:00,2025-07-21 10:38:00,2025-07-21 11:01:00,2025-07-21 11:18:00,605.0,3.0,Biryani,Rekha,Manish
10081,2025-07-21 10:41:00,2025-07-21 10:44:00,2025-07-21 10:54:00,2025-07-21 11:23:00,2025-07-21 11:38:00,494.0,1.0,Fries,Anita,Manish
10085,2021-07-25 10:51:00,2021-07-25 10:54:00,2021-07-25 11:16:00,2021-07-25 11:25:00,2021-07-25 12:15:00,494.0,1.0,Salad,Manish,Amit
10086,2025-07-21 10:35:00,2025-07-21 10:38:00,2025-07-21 11:01:00,2025-07-21 11:21:00,2025-07-21 12:01:00,494.0,4.0,Fries,Rahul,Deepak
10087,2021-07-25 10:18:00,2021-07-25 10:21:00,2021-07-25 10:30:00,2021-07-25 11:05:00,2021-07-25 11:12:00,597.0,2.0,Fries,Ajay,Manish
10088,2025-07-21 10:02:00,2025-07-21 10:02:00,2025-07-21 10:17:00,2025-07-21 10:38:00,2025-07-21 10:58:00,476.0,3.0,Wrap,Rahul,Amit
10090,2021-07-25 10:15:00,2021-07-25 10:18:00,2021-07-25 10:25:00,2021-07-25 10:58:00,2021-07-25 11:06:00,494.0,2.0,Salad,Ramesh,Suraj
10092,2021-07-25 10:00:00,2021-07-25 10:03:00,2021-07-25 10:20:00,2021-07-25 10:32:00,2021-07-25 11:04:00,553.0,1.0,Wrap,Ramesh,Praveen
10093,2021-07-25 10:38:00,2021-07-25 10:41:00,2021-07-25 10:59:00,2021-07-25 11:22:00,2021-07-25 11:39:00,258.0,2.0,Pizza,Rekha,Suraj
10094,2025-07-21 10:31:00,2025-07-21 10:31:00,2025-07-21 10:52:00,2025-07-21 11:09:00,2025-07-21 11:59:00,630.0,1.0,Wrap,Deepak,Amit
10095,2025-07-21 10:07:00,2025-07-21 10:10:00,2025-07-21 10:34:00,2025-07-21 10:46:00,2025-07-21 11:24:00,494.0,2.0,Burger,Rekha,Suraj
10096,2025-07-21 10:24:00,2025-07-21 10:27:00,2025-07-21 10:51:00,2025-07-21 11:11:00,2025-07-21 11:35:00,494.0,2.0,Biryani,Rekha,Amit
10098,2025-07-21 10:17:00,2025-07-21 10:20:00,2025-07-21 10:34:00,2025-07-21 11:06:00,2025-07-21 11:36:00,548.0,2.0,Sandwich,Rekha,Praveen
10099,2021-07-25 10:13:00,2021-07-25 10:16:00,2021-07-25 10:28:00,2021-07-25 10:54:00,2021-07-25 11:04:00,494.0,2.0,Burger,Anita,Manish
10100,2025-07-21 10:45:00,2025-07-21 10:48:00,2025-07-21 11:12:00,2025-07-21 11:28:00,2025-07-21 12:10:00,711.0,2.0,Wrap,Rekha,Manish
10101,2021-07-25 10:41:00,2021-07-25 10:44:00,2021-07-25 11:00:00,2021-07-25 11:22:00,2021-07-25 12:01:00,494.0,4.0,Wrap,Manish,Deepak
10102,2021-07-25 10:38:00,2021-07-25 10:41:00,2021-07-25 11:06:00,2021-07-25 11:14:00,2021-07-25 11:30:00,494.0,4.0,Pizza,Anita,Suraj
10103,2025-07-21 10:02:00,2025-07-21 10:05:00,2025-07-21 10:21:00,2025-07-21 10:50:00,2025-07-21 11:15:00,494.0,2.0,Taco,Deepak,Manish
10104,2025-07-21 10:50:00,2025-07-21 10:53:00,2025-07-21 11:19:00,2025-07-21 11:39:00,2025-07-21 12:09:00,494.0,3.0,Sandwich,Tanya,Amit
10105,2021-07-25 10:54:00,2021-07-25 10:57:00,2021-07-25 11:14:00,2021-07-25 11:44:00,2021-07-25 12:10:00,494.0,2.0,Pizza,Rekha,Amit
10106,2021-07-25 10:28:00,2021-07-25 10:31:00,2021-07-25 10:49:00,2021-07-25 11:09:00,2021-07-25 11:55:00,494.0,2.0,Burger,Rekha,Manish
10107,2021-07-25 10:48:00,2021-07-25 10:51:00,2021-07-25 11:15:00,2021-07-25 11:19:00,2021-07-25 11:45:00,494.0,2.0,Biryani,Anita,Deepak
10109,2021-07-25 10:11:00,2021-07-25 10:14:00,2021-07-25 10:24:00,2021-07-25 10:49:00,2021-07-25 11:42:00,792.0,4.0,Taco,Ajay,Suraj
10110,2021-07-25 10:59:00,2021-07-25 11:02:00,2021-07-25 11:18:00,,2021-07-25 12:20:00,494.0,1.0,Biryani,Rahul,Amit
10111,2021-07-25 10:59:00,2021-07-25 11:02:00,2021-07-25 11:12:00,2021-07-25 11:32:00,2021-07-25 11:59:00,158.0,2.0,Salad,Ajay,Manish
10112,2025-07-21 10:03:00,2025-07-21 10:06:00,2025-07-21 10:13:00,2025-07-21 10:41:00,2025-07-21 11:06:00,494.0,2.0,Burger,Deepak,Manish
10113,2021-07-25 10:37:00,2021-07-25 10:40:00,2021-07-25 11:05:00,2021-07-25 11:25:00,2021-07-25 11:48:00,494.0,2.0,Burger,Tanya,Deepak
10116,2021-07-25 10:37:00,2021-07-25 10:40:00,2021-07-25 11:03:00,2021-07-25 11:08:00,2021-07-25 11:38:00,494.0,4.0,Pizza,Rahul,Deepak
10119,2025-07-21 10:36:00,2025-07-21 10:39:00,2025-07-21 11:01:00,2025-07-21 11:06:00,2025-07-21 11:57:00,494.0,2.0,Salad,Rekha,Deepak
10120,2021-07-25 10:28:00,2021-07-25 10:31:00,2021-07-25 10:53:00,2021-07-25 11:18:00,2021-07-25 11:22:00,494.0,4.0,Fries,Deepak,Deepak
10121,2021-07-25 10:08:00,2021-07-25 10:11:00,2021-07-25 10:26:00,2021-07-25 10:56:00,2021-07-25 11:44:00,319.0,2.0,Pizza,Manish,Manish
10122,2021-07-25 10:45:00,2021-07-25 10:48:00,2021-07-25 11:06:00,2021-07-25 11:29:00,2021-07-25 11:50:00,494.0,2.0,Burger,Anita,Deepak
10123,2021-07-25 10:34:00,2021-07-25 10:37:00,2021-07-25 11:04:00,2021-07-25 11:24:00,2021-07-25 11:55:00,209.0,2.0,Fries,Ajay,Praveen
10125,2021-07-25 10:11:00,2021-07-25 10:14:00,2021-07-25 10:26:00,2021-07-25 10:52:00,2021-07-25 11:17:00,494.0,1.0,Fries,Anita,Manish
10126,2025-07-21 10:21:00,2025-07-21 10:24:00,2025-07-21 10:35:00,2025-07-21 11:09:00,2025-07-21 11:26:00,494.0,1.0,Pizza,Rahul,Suraj
10127,2021-07-25 10:45:00,2021-07-25 10:48:00,2021-07-25 10:59:00,2021-07-25 11:16:00,2021-07-25 12:09:00,771.0,4.0,Sandwich,Ajay,Amit
10128,2025-07-21 10:55:00,2025-07-21 10:58:00,2025-07-21 11:22:00,2025-07-21 11:32:00,2025-07-21 12:15:00,494.0,2.0,Biryani,Tanya,Praveen
10129,2025-07-21 10:36:00,2025-07-21 10:39:00,2025-07-21 10:46:00,2025-07-21 11:18:00,2025-07-21 11:50:00,494.0,2.0,Salad,Deepak,Amit
10130,2025-07-21 10:52:00,2025-07-21 10:55:00,2025-07-21 11:22:00,2025-07-21 11:33:00,2025-07-21 11:58:00,494.0,1.0,Pizza,Manish,Amit
10132,2025-07-21 10:47:00,2025-07-21 10:50:00,2025-07-21 11:11:00,2025-07-21 11:29:00,2025-07-21 11:58:00,494.0,2.0,Sandwich,Rekha,Suraj
10133,2021-07-25 10:26:00,2021-07-25 10:29:00,2021-07-25 10:36:00,2021-07-25 10:59:00,2021-07-25 11:55:00,348.0,2.0,Salad,Deepak,Suraj
10134,2021-07-25 10:37:00,2021-07-25 10:40:00,2021-07-25 11:04:00,2021-07-25 11:21:00,2021-07-25 11:30:00,494.0,2.0,Biryani,Rahul,Suraj
10135,2021-07-25 10:28:00,2021-07-25 10:31:00,2021-07-25 10:56:00,2021-07-25 10:58:00,2021-07-25 11:22:00,651.0,2.0,Salad,Rahul,Amit
10137,2025-07-21 10:43:00,2025-07-21 10:46:00,2025-07-21 11:10:00,2025-07-21 11:16:00,2025-07-21 12:17:00,494.0,3.0,Salad,Ajay,Manish
10139,2021-07-25 10:50:00,2021-07-25 10:53:00,2021-07-25 11:18:00,2021-07-25 11:36:00,2021-07-25 12:03:00,328.0,2.0,Wrap,Rekha,Suraj
10140,2021-07-25 10:58:00,2021-07-25 11:01:00,2021-07-25 11:25:00,2021-07-25 11:39:00,2021-07-25 11:54:00,488.0,2.0,Burger,Rekha,Praveen
10141,2021-07-25 10:16:00,2021-07-25 10:19:00,2021-07-25 10:30:00,2021-07-25 11:04:00,2021-07-25 11:34:00,494.0,4.0,Sandwich,Rahul,Praveen
10142,2025-07-21 10:20:00,2025-07-21 10:23:00,2025-07-21 10:35:00,2025-07-21 10:52:00,2025-07-21 11:36:00,494.0,1.0,Wrap,Ajay,Manish
10143,2025-07-21 10:26:00,2025-07-21 10:29:00,2025-07-21 10:42:00,2025-07-21 11:03:00,2025-07-21 11:24:00,494.0,2.0,Salad,Ramesh,Manish
10144,2025-07-21 10:35:00,2025-07-21 10:38:00,2025-07-21 10:59:00,,2025-07-21 11:48:00,494.0,1.0,Biryani,Rekha,Amit
10145,2021-07-25 10:42:00,2021-07-25 10:45:00,2021-07-25 11:02:00,2021-07-25 11:23:00,2021-07-25 11:56:00,890.0,2.0,Burger,Anita,Suraj
10146,2021-07-25 10:28:00,2021-07-25 10:31:00,2021-07-25 10:58:00,2021-07-25 10:59:00,2021-07-25 11:22:00,494.0,2.0,Salad,Tanya,Praveen
10147,2025-07-21 10:46:00,2025-07-21 10:49:00,2025-07-21 11:05:00,2025-07-21 11:36:00,2025-07-21 11:59:00,532.0,2.0,Salad,Rekha,Manish
10148,2021-07-25 10:19:00,2021-07-25 10:22:00,2021-07-25 10:30:00,2021-07-25 10:55:00,2021-07-25 11:38:00,656.0,2.0,Burger,Deepak,Manish
10150,2025-07-21 10:55:00,2025-07-21 10:58:00,2025-07-21 11:17:00,2025-07-21 11:27:00,2025-07-21 12:28:00,634.0,3.0,Salad,Deepak,Manish
10151,2025-07-21 10:52:00,2025-07-21 10:55:00,2025-07-21 11:05:00,2025-07-21 11:39:00,2025-07-21 12:24:00,494.0,2.0,Salad,Tanya,Suraj
10152,2021-07-25 10:06:00,2021-07-25 10:09:00,2021-07-25 10:24:00,2021-07-25 10:48:00,2021-07-25 11:34:00,607.0,4.0,Salad,Tanya,Suraj
10154,2025-07-21 10:51:00,2025-07-21 10:54:00,2025-07-21 11:19:00,2025-07-21 11:37:00,2025-07-21 11:46:00,494.0,2.0,Taco,Tanya,Suraj
10155,2021-07-25 10:47:00,2021-07-25 10:50:00,2021-07-25 11:11:00,2021-07-25 11:22:00,2021-07-25 12:06:00,494.0,2.0,Salad,Deepak,Manish
10156,2025-07-21 10:46:00,2025-07-21 10:49:00,2025-07-21 11:15:00,2025-07-21 11:25:00,2025-07-21 11:51:00,494.0,2.0,Pizza,Ajay,Praveen
10157,2021-07-25 10:18:00,2021-07-25 10:21:00,2021-07-25 10:46:00,2021-07-25 10:49:00,2021-07-25 11:28:00,494.0,4.0,Biryani,Tanya,Amit
10158,2025-07-21 10:17:00,2025-07-21 10:20:00,2025-07-21 10:33:00,2025-07-21 11:00:00,2025-07-21 11:23:00,494.0,2.0,Salad,Ajay,Deepak
10159,2021-07-25 10:28:00,2021-07-25 10:31:00,2021-07-25 10:41:00,,2021-07-25 12:03:00,549.0,2.0,Fries,Rekha,Deepak
10161,2025-07-21 10:42:00,2025-07-21 10:45:00,2025-07-21 10:56:00,2025-07-21 11:28:00,2025-07-21 11:40:00,494.0,2.0,Biryani,Deepak,Manish
10162,2021-07-25 10:49:00,2021-07-25 10:52:00,2021-07-25 11:14:00,2021-07-25 11:22:00,2021-07-25 11:54:00,494.0,1.0,Burger,Manish,Praveen
10164,2025-07-21 10:43:00,2025-07-21 10:46:00,2025-07-21 11:10:00,2025-07-21 11:22:00,2025-07-21 11:41:00,494.0,4.0,Sandwich,Ajay,Deepak
10165,2025-07-21 10:19:00,2025-07-21 10:22:00,2025-07-21 10:48:00,2025-07-21 11:04:00,2025-07-21 11:57:00,404.0,2.0,Wrap,Manish,Deepak
10167,2021-07-25 10:02:00,2021-07-25 10:05:00,2021-07-25 10:13:00,2021-07-25 10:52:00,2021-07-25 11:42:00,494.0,2.0,Sandwich,Ajay,Deepak
10168,2025-07-21 10:38:00,2025-07-21 10:41:00,2025-07-21 11:07:00,2025-07-21 11:18:00,2025-07-21 12:04:00,207.0,3.0,Salad,Ajay,Praveen
10169,2025-07-21 10:38:00,2025-07-21 10:41:00,2025-07-21 11:03:00,2025-07-21 11:12:00,2025-07-21 12:16:00,593.0,2.0,Wrap,Tanya,Praveen
10170,2025-07-21 10:42:00,2025-07-21 10:45:00,2025-07-21 10:54:00,2025-07-21 11:14:00,2025-07-21 12:03:00,491.0,2.0,Taco,Deepak,Amit
10171,2025-07-21 10:32:00,2025-07-21 10:35:00,2025-07-21 11:02:00,2025-07-21 11:09:00,2025-07-21 11:42:00,563.0,2.0,Sandwich,Tanya,Amit
10172,2021-07-25 10:09:00,2021-07-25 10:12:00,2021-07-25 10:28:00,2021-07-25 10:58:00,2021-07-25 11:48:00,494.0,2.0,Fries,Ramesh,Praveen
10173,2025-07-21 10:39:00,2025-07-21 10:42:00,2025-07-21 10:59:00,2025-07-21 11:11:00,2025-07-21 12:14:00,494.0,2.0,Burger,Manish,Praveen
10174,2025-07-21 10:11:00,2025-07-21 10:14:00,2025-07-21 10:39:00,2025-07-21 10:56:00,2025-07-21 11:29:00,590.0,4.0,Wrap,Rekha,Manish
10175,2025-07-21 10:34:00,2025-07-21 10:37:00,2025-07-21 10:58:00,2025-07-21 11:15:00,2025-07-21 11:50:00,286.0,1.0,Sandwich,Ramesh,Deepak
10176,2025-07-21 10:47:00,2025-07-21 10:50:00,2025-07-21 10:58:00,2025-07-21 11:29:00,2025-07-21 12:19:00,494.0,1.0,Burger,Manish,Praveen
10178,2025-07-21 10:53:00,2025-07-21 10:56:00,2025-07-21 11:05:00,2025-07-21 11:30:00,2025-07-21 12:31:00,606.0,2.0,Taco,Anita,Suraj
10179,2025-07-21 10:01:00,2025-07-21 10:04:00,2025-07-21 10:16:00,2025-07-21 10:40:00,2025-07-21 11:22:00,494.0,3.0,Wrap,Tanya,Manish
10180,2021-07-25 10:47:00,2021-07-25 10:50:00,2021-07-25 11:11:00,2021-07-25 11:24:00,2021-07-25 11:39:00,494.0,2.0,Wrap,Rahul,Manish
10181,2021-07-25 10:57:00,2021-07-25 11:00:00,2021-07-25 11:10:00,2021-07-25 11:30:00,2021-07-25 12:19:00,494.0,3.0,Wrap,Rahul,Praveen
10182,2025-07-21 10:39:00,2025-07-21 10:42:00,2025-07-21 11:03:00,2025-07-21 11:27:00,2025-07-21 12:04:00,494.0,2.0,Sandwich,Manish,Praveen
10183,2021-07-25 10:30:00,2021-07-25 10:33:00,2021-07-25 11:00:00,2021-07-25 11:13:00,2021-07-25 11:38:00,494.0,2.0,Biryani,Ramesh,Deepak
10184,2025-07-21 10:08:00,2025-07-21 10:11:00,2025-07-21 10:20:00,2025-07-21 10:42:00,2025-07-21 11:16:00,560.0,1.0,Wrap,Rahul,Deepak
10185,2025-07-21 10:26:00,2025-07-21 10:29:00,2025-07-21 10:42:00,2025-07-21 10:59:00,2025-07-21 11:17:00,458.0,2.0,Burger,Ajay,Suraj
10186,2021-07-25 10:40:00,2021-07-25 10:43:00,2021-07-25 10:58:00,2021-07-25 11:16:00,2021-07-25 11:50:00,252.0,2.0,Burger,Ajay,Suraj
10188,2021-07-25 10:31:00,2021-07-25 10:34:00,2021-07-25 10:59:00,2021-07-25 11:04:00,2021-07-25 12:03:00,444.0,3.0,Burger,Ramesh,Suraj
10189,2021-07-25 10:35:00,2021-07-25 10:38:00,2021-07-25 10:49:00,2021-07-25 11:05:00,2021-07-25 11:29:00,494.0,2.0,Sandwich,Rekha,Praveen
10191,2025-07-21 10:30:00,2025-07-21 10:33:00,2025-07-21 10:54:00,2025-07-21 11:16:00,2025-07-21 11:46:00,494.0,2.0,Biryani,Ajay,Praveen
10192,2025-07-21 10:51:00,2025-07-21 10:54:00,2025-07-21 11:20:00,2025-07-21 11:27:00,2025-07-21 11:48:00,648.0,2.0,Taco,Rahul,Deepak
10193,2025-07-21 10:10:00,2025-07-21 10:13:00,2025-07-21 10:38:00,2025-07-21 10:41:00,2025-07-21 11:24:00,494.0,2.0,Taco,Ajay,Praveen
10195,2025-07-21 10:36:00,2025-07-21 10:39:00,2025-07-21 10:58:00,2025-07-21 11:17:00,2025-07-21 12:15:00,494.0,2.0,Biryani,Ajay,Suraj
10196,2025-07-21 10:37:00,2025-07-21 10:40:00,2025-07-21 10:48:00,2025-07-21 11:07:00,2025-07-21 11:29:00,494.0,1.0,Wrap,Deepak,Suraj
10197,2021-07-25 10:12:00,2021-07-25 10:15:00,2021-07-25 10:23:00,,2021-07-25 11:21:00,494.0,2.0,Burger,Ramesh,Suraj
10198,2021-07-25 10:01:00,2021-07-25 10:04:00,2021-07-25 10:12:00,2021-07-25 10:38:00,2021-07-25 11:36:00,345.0,4.0,Salad,Tanya,Amit
10199,2021-07-25 10:37:00,2021-07-25 10:40:00,2021-07-25 10:48:00,2021-07-25 11:25:00,2021-07-25 12:17:00,494.0,1.0,Sandwich,Manish,Deepak
10200,2025-07-21 10:27:00,2025-07-21 10:30:00,2025-07-21 10:54:00,2025-07-21 11:09:00,2025-07-21 11:40:00,494.0,2.0,Burger,Deepak,Deepak
10201,2021-07-25 10:56:00,2021-07-25 10:59:00,2021-07-25 11:24:00,2021-07-25 11:27:00,2021-07-25 12:16:00,518.0,2.0,Burger,Deepak,Suraj
10203,2025-07-21 10:22:00,2025-07-21 10:25:00,2025-07-21 10:48:00,2025-07-21 11:05:00,2025-07-21 11:44:00,494.0,2.0,Fries,Manish,Suraj
10204,2021-07-25 10:12:00,2021-07-25 10:15:00,2021-07-25 10:41:00,2021-07-25 11:00:00,2021-07-25 11:07:00,494.0,4.0,Fries,Anita,Amit
10205,2021-07-25 10:26:00,2021-07-25 10:29:00,2021-07-25 10:47:00,2021-07-25 10:57:00,2021-07-25 11:40:00,214.0,2.0,Burger,Rekha,Praveen
10206,2025-07-21 10:08:00,2025-07-21 10:11:00,2025-07-21 10:31:00,2025-07-21 10:58:00,2025-07-21 11:43:00,494.0,2.0,Wrap,Manish,Amit
10207,2025-07-21 10:11:00,2025-07-21 10:14:00,2025-07-21 10:26:00,2025-07-21 10:51:00,2025-07-21 11:50:00,307.0,2.0,Wrap,Ramesh,Deepak
10208,2021-07-25 10:48:00,2021-07-25 10:51:00,2021-07-25 11:09:00,2021-07-25 11:28:00,2021-07-25 11:43:00,540.0,3.0,Sandwich,Ajay,Manish
10210,2021-07-25 10:55:00,2021-07-25 10:58:00,2021-07-25 11:11:00,2021-07-25 11:29:00,2021-07-25 12:06:00,494.0,4.0,Biryani,Ramesh,Praveen
10212,2025-07-21 10:12:00,2025-07-21 10:15:00,2025-07-21 10:31:00,2025-07-21 11:00:00,2025-07-21 11:10:00,290.0,2.0,Wrap,Rahul,Manish
10213,2021-07-25 10:46:00,2021-07-25 10:49:00,2021-07-25 10:59:00,2021-07-25 11:28:00,2021-07-25 11:44:00,494.0,2.0,Burger,Anita,Deepak
10214,2021-07-25 10:52:00,2021-07-25 10:55:00,2021-07-25 11:05:00,2021-07-25 11:35:00,2021-07-25 12:30:00,494.0,2.0,Taco,Rahul,Manish
10215,2025-07-21 10:29:00,2025-07-21 10:32:00,2025-07-21 10:52:00,2025-07-21 11:05:00,2025-07-21 12:07:00,494.0,4.0,Pizza,Ramesh,Suraj
10216,2021-07-25 10:12:00,2021-07-25 10:15:00,2021-07-25 10:33:00,2021-07-25 11:00:00,2021-07-25 11:03:00,494.0,4.0,Biryani,Deepak,Suraj
10219,2025-07-21 10:05:00,2025-07-21 10:08:00,2025-07-21 10:19:00,2025-07-21 10:40:00,2025-07-21 11:30:00,274.0,2.0,Pizza,Ajay,Amit
10220,2025-07-21 10:30:00,2025-07-21 10:33:00,2025-07-21 10:40:00,2025-07-21 11:07:00,2025-07-21 12:00:00,646.0,3.0,Sandwich,Rahul,Deepak
10221,2025-07-21 10:20:00,2025-07-21 10:23:00,2025-07-21 10:31:00,2025-07-21 11:02:00,2025-07-21 11:46:00,537.0,2.0,Fries,Ramesh,Suraj
10222,2021-07-25 10:09:00,2021-07-25 10:12:00,2021-07-25 10:35:00,2021-07-25 10:59:00,2021-07-25 11:43:00,415.0,3.0,Pizza,Deepak,Praveen
10223,2021-07-25 10:10:00,2021-07-25 10:13:00,2021-07-25 10:40:00,2021-07-25 10:58:00,2021-07-25 11:45:00,656.0,2.0,Taco,Rekha,Deepak
10224,2021-07-25 10:25:00,2021-07-25 10:28:00,2021-07-25 10:51:00,2021-07-25 10:59:00,2021-07-25 11:29:00,494.0,4.0,Salad,Ajay,Manish
10225,2021-07-25 10:02:00,2021-07-25 10:05:00,2021-07-25 10:31:00,2021-07-25 10:52:00,2021-07-25 11:34:00,494.0,2.0,Fries,Ajay,Praveen
10226,2025-07-21 10:08:00,2025-07-21 10:11:00,2025-07-21 10:23:00,2025-07-21 10:49:00,2025-07-21 11:14:00,494.0,2.0,Pizza,Anita,Praveen
10227,2021-07-25 10:29:00,2021-07-25 10:32:00,2021-07-25 10:56:00,2021-07-25 11:09:00,2021-07-25 12:05:00,494.0,1.0,Biryani,Ajay,Amit
10228,2025-07-21 10:56:00,2025-07-21 10:59:00,2025-07-21 11:24:00,2025-07-21 11:37:00,2025-07-21 11:52:00,494.0,3.0,Sandwich,Anita,Deepak
10229,2021-07-25 10:24:00,2021-07-25 10:27:00,2021-07-25 10:39:00,2021-07-25 11:00:00,2021-07-25 11:15:00,626.0,2.0,Salad,Tanya,Deepak
10230,2025-07-21 10:14:00,2025-07-21 10:17:00,2025-07-21 10:40:00,2025-07-21 10:47:00,2025-07-21 11:53:00,494.0,4.0,Burger,Deepak,Manish
10231,2021-07-25 10:30:00,2021-07-25 10:33:00,2021-07-25 10:57:00,2021-07-25 11:15:00,2021-07-25 11:28:00,494.0,2.0,Sandwich,Anita,Amit
10233,2021-07-25 10:01:00,2021-07-25 10:04:00,2021-07-25 10:25:00,2021-07-25 10:42:00,2021-07-25 11:17:00,597.0,2.0,Salad,Tanya,Suraj
10234,2025-07-21 10:10:00,2025-07-21 10:13:00,2025-07-21 10:20:00,,2025-07-21 11:06:00,494.0,2.0,Sandwich,Rahul,Deepak
10236,2025-07-21 10:41:00,2025-07-21 10:44:00,2025-07-21 10:53:00,2025-07-21 11:29:00,2025-07-21 11:34:00,268.0,2.0,Salad,Rahul,Praveen
10238,2021-07-25 10:36:00,2021-07-25 10:39:00,2021-07-25 11:04:00,2021-07-25 11:17:00,2021-07-25 11:40:00,692.0,2.0,Biryani,Tanya,Deepak
10239,2021-07-25 10:09:00,2021-07-25 10:12:00,2021-07-25 10:30:00,2021-07-25 10:55:00,2021-07-25 11:46:00,494.0,2.0,Biryani,Rahul,Amit
10240,2025-07-21 10:18:00,2025-07-21 10:21:00,2025-07-21 10:37:00,2025-07-21 11:07:00,2025-07-21 11:42:00,494.0,1.0,Pizza,Anita,Amit
10241,2021-07-25 10:24:00,2021-07-25 10:27:00,2021-07-25 10:34:00,,2021-07-25 11:50:00,198.0,4.0,Burger,Rekha,Amit
10242,2021-07-25 10:35:00,2021-07-25 10:38:00,2021-07-25 10:59:00,2021-07-25 11:22:00,2021-07-25 11:47:00,494.0,2.0,Fries,Rekha,Amit
10243,2021-07-25 10:45:00,2021-07-25 10:48:00,2021-07-25 11:06:00,2021-07-25 11:25:00,2021-07-25 12:13:00,558.0,2.0,Fries,Deepak,Suraj
10244,2025-07-21 10:32:00,2025-07-21 10:35:00,2025-07-21 11:00:00,2025-07-21 11:19:00,2025-07-21 12:09:00,585.0,2.0,Taco,Manish,Suraj
10245,2021-07-25 10:53:00,2021-07-25 10:56:00,2021-07-25 11:21:00,2021-07-25 11:23:00,2021-07-25 12:28:00,491.0,2.0,Biryani,Ajay,Amit
10246,2025-07-21 10:14:00,2025-07-21 10:17:00,2025-07-21 10:38:00,2025-07-21 10:57:00,2025-07-21 11:13:00,399.0,2.0,Burger,Ajay,Deepak
10247,2021-07-25 10:16:00,2021-07-25 10:19:00,2021-07-25 10:29:00,2021-07-25 10:46:00,2021-07-25 11:13:00,601.0,2.0,Taco,Tanya,Praveen
10249,2025-07-21 10:42:00,2025-07-21 10:45:00,2025-07-21 11:12:00,2025-07-21 11:18:00,2025-07-21 12:04:00,477.0,2.0,Biryani,Manish,Deepak
10250,2025-07-21 10:00:00,2025-07-21 10:03:00,2025-07-21 10:14:00,2025-07-21 10:39:00,2025-07-21 10:58:00,209.0,1.0,Pizza,Anita,Suraj
10251,2021-07-25 10:21:00,2021-07-25 10:24:00,2021-07-25 10:49:00,2021-07-25 11:08:00,2021-07-25 11:19:00,494.0,4.0,Burger,Anita,Suraj
10252,2025-07-21 10:30:00,2025-07-21 10:33:00,2025-07-21 10:48:00,2025-07-21 11:08:00,2025-07-21 11:52:00,494.0,3.0,Burger,Rekha,Manish
10253,2025-07-21 10:05:00,2025-07-21 10:08:00,2025-07-21 10:18:00,2025-07-21 10:52:00,2025-07-21 11:15:00,494.0,2.0,Salad,Rekha,Amit
10254,2025-07-21 10:43:00,2025-07-21 10:46:00,2025-07-21 10:54:00,2025-07-21 11:24:00,2025-07-21 12:20:00,494.0,1.0,Burger,Anita,Amit
10256,2021-07-25 10:29:00,2021-07-25 10:32:00,2021-07-25 10:47:00,2021-07-25 11:09:00,2021-07-25 11:23:00,765.0,2.0,Biryani,Ramesh,Suraj
10258,2021-07-25 10:00:00,2021-07-25 10:03:00,2021-07-25 10:30:00,,2021-07-25 11:07:00,494.0,1.0,Biryani,Anita,Suraj
10259,2021-07-25 10:54:00,2021-07-25 10:57:00,2021-07-25 11:22:00,2021-07-25 11:28:00,2021-07-25 12:25:00,494.0,4.0,Fries,Manish,Praveen
10260,2021-07-25 10:39:00,2021-07-25 10:42:00,2021-07-25 10:54:00,2021-07-25 11:25:00,2021-07-25 11:47:00,494.0,1.0,Biryani,Rekha,Suraj
10261,2021-07-25 10:35:00,2021-07-25 10:38:00,2021-07-25 10:53:00,2021-07-25 11:24:00,2021-07-25 11:28:00,556.0,1.0,Burger,Ajay,Manish
10262,2021-07-25 10:41:00,2021-07-25 10:44:00,2021-07-25 10:56:00,,2021-07-25 12:01:00,654.0,2.0,Sandwich,Anita,Manish
10263,2021-07-25 10:13:00,2021-07-25 10:16:00,2021-07-25 10:38:00,2021-07-25 10:52:00,2021-07-25 11:53:00,640.0,2.0,Salad,Rahul,Manish
10264,2025-07-21 10:12:00,2025-07-21 10:15:00,2025-07-21 10:39:00,2025-07-21 10:47:00,2025-07-21 11:36:00,494.0,4.0,Biryani,Rahul,Amit
10265,2025-07-21 10:13:00,2025-07-21 10:16:00,2025-07-21 10:33:00,2025-07-21 10:44:00,2025-07-21 11:13:00,494.0,2.0,Biryani,Deepak,Deepak
10266,2025-07-21 10:50:00,2025-07-21 10:53:00,2025-07-21 11:12:00,2025-07-21 11:25:00,2025-07-21 11:57:00,494.0,1.0,Pizza,Ramesh,Suraj
10267,2025-07-21 10:06:00,2025-07-21 10:09:00,2025-07-21 10:21:00,,2025-07-21 11:43:00,615.0,2.0,Fries,Manish,Amit
10268,2025-07-21 10:02:00,2025-07-21 10:05:00,2025-07-21 10:24:00,2025-07-21 10:36:00,2025-07-21 10:55:00,825.0,2.0,Burger,Tanya,Amit
10269,2021-07-25 10:42:00,2021-07-25 10:45:00,2021-07-25 11:03:00,2021-07-25 11:20:00,2021-07-25 12:14:00,494.0,2.0,Sandwich,Rahul,Praveen
10270,2021-07-25 10:28:00,2021-07-25 10:31:00,2021-07-25 10:47:00,2021-07-25 11:09:00,2021-07-25 11:31:00,462.0,2.0,Wrap,Ajay,Praveen
10271,2025-07-21 10:08:00,2025-07-21 10:11:00,2025-07-21 10:25:00,,2025-07-21 11:27:00,494.0,4.0,Salad,Rahul,Deepak
10273,2021-07-25 10:47:00,2021-07-25 10:50:00,2021-07-25 11:01:00,2021-07-25 11:32:00,2021-07-25 11:51:00,279.0,4.0,Fries,Ajay,Praveen
10274,2025-07-21 10:44:00,2025-07-21 10:47:00,2025-07-21 11:05:00,2025-07-21 11:26:00,2025-07-21 11:43:00,292.0,4.0,Salad,Anita,Deepak
10276,2025-07-21 10:32:00,2025-07-21 10:35:00,2025-07-21 10:43:00,2025-07-21 11:19:00,2025-07-21 12:02:00,538.0,2.0,Salad,Ajay,Deepak
10277,2025-07-21 10:22:00,2025-07-21 10:25:00,2025-07-21 10:36:00,2025-07-21 10:53:00,2025-07-21 11:19:00,494.0,2.0,Taco,Rahul,Manish
10278,2021-07-25 10:48:00,2021-07-25 10:51:00,2021-07-25 11:08:00,2021-07-25 11:26:00,2021-07-25 11:41:00,310.0,2.0,Sandwich,Rahul,Amit
10279,2025-07-21 10:18:00,2025-07-21 10:21:00,2025-07-21 10:35:00,2025-07-21 11:08:00,2025-07-21 11:32:00,757.0,1.0,Taco,Manish,Praveen
10280,2025-07-21 10:57:00,2025-07-21 11:00:00,2025-07-21 11:23:00,2025-07-21 11:37:00,2025-07-21 12:03:00,494.0,3.0,Taco,Manish,Amit
10281,2021-07-25 10:57:00,2021-07-25 11:00:00,2021-07-25 11:19:00,2021-07-25 11:27:00,2021-07-25 12:12:00,494.0,2.0,Burger,Deepak,Amit
10282,2021-07-25 10:32:00,2021-07-25 10:35:00,2021-07-25 11:00:00,2021-07-25 11:07:00,2021-07-25 12:06:00,494.0,3.0,Wrap,Rahul,Manish
10283,2021-07-25 10:26:00,2021-07-25 10:29:00,2021-07-25 10:55:00,2021-07-25 10:57:00,2021-07-25 11:44:00,476.0,2.0,Salad,Ajay,Manish
10284,2021-07-25 10:10:00,2021-07-25 10:13:00,2021-07-25 10:40:00,2021-07-25 10:40:00,2021-07-25 11:12:00,281.0,2.0,Sandwich,Rahul,Suraj
10285,2021-07-25 10:45:00,2021-07-25 10:48:00,2021-07-25 11:09:00,2021-07-25 11:28:00,2021-07-25 12:07:00,422.0,2.0,Sandwich,Ramesh,Suraj
10288,2021-07-25 10:59:00,2021-07-25 11:02:00,2021-07-25 11:21:00,2021-07-25 11:41:00,2021-07-25 12:32:00,494.0,4.0,Salad,Anita,Deepak
10289,2025-07-21 10:15:00,2025-07-21 10:18:00,2025-07-21 10:37:00,,2025-07-21 11:46:00,403.0,2.0,Biryani,Manish,Praveen
10290,2025-07-21 10:26:00,2025-07-21 10:29:00,2025-07-21 10:55:00,2025-07-21 10:58:00,2025-07-21 12:05:00,500.0,2.0,Salad,Deepak,Suraj
10291,2021-07-25 10:21:00,2021-07-25 10:24:00,2021-07-25 10:48:00,2021-07-25 10:57:00,2021-07-25 11:48:00,281.0,2.0,Salad,Rekha,Praveen
10292,2021-07-25 10:53:00,2021-07-25 10:56:00,2021-07-25 11:13:00,,2021-07-25 12:23:00,494.0,2.0,Salad,Manish,Deepak
10293,2025-07-21 10:44:00,2025-07-21 10:47:00,2025-07-21 11:12:00,2025-07-21 11:23:00,2025-07-21 11:46:00,567.0,2.0,Biryani,Anita,Praveen
10294,2021-07-25 10:12:00,2021-07-25 10:15:00,2021-07-25 10:37:00,2021-07-25 10:47:00,2021-07-25 11:47:00,336.0,2.0,Wrap,Deepak,Manish
10295,2021-07-25 10:09:00,2021-07-25 10:12:00,2021-07-25 10:32:00,2021-07-25 10:58:00,2021-07-25 11:09:00,494.0,2.0,Taco,Manish,Suraj
10296,2021-07-25 10:29:00,2021-07-25 10:32:00,2021-07-25 10:49:00,2021-07-25 11:03:00,2021-07-25 11:28:00,494.0,1.0,Biryani,Tanya,Suraj
10297,2021-07-25 10:12:00,2021-07-25 10:15:00,2021-07-25 10:36:00,2021-07-25 10:58:00,2021-07-25 11:30:00,239.0,1.0,Pizza,Rahul,Amit
10298,2021-07-25 10:46:00,2021-07-25 10:49:00,2021-07-25 11:01:00,,2021-07-25 12:24:00,494.0,1.0,Pizza,Rahul,Praveen
10299,2025-07-21 10:34:00,2025-07-21 10:37:00,2025-07-21 10:51:00,2025-07-21 11:18:00,2025-07-21 12:08:00,494.0,4.0,Wrap,Anita,Manish
10301,2025-07-21 10:34:00,2025-07-21 10:37:00,2025-07-21 11:01:00,2025-07-21 11:24:00,2025-07-21 11:28:00,494.0,2.0,Burger,Deepak,Praveen
10303,2025-07-21 10:26:00,2025-07-21 10:29:00,2025-07-21 10:38:00,2025-07-21 11:00:00,2025-07-21 11:28:00,522.0,3.0,Burger,Deepak,Praveen
10304,2025-07-21 10:25:00,2025-07-21 10:28:00,2025-07-21 10:43:00,2025-07-21 11:07:00,2025-07-21 11:26:00,494.0,2.0,Pizza,Manish,Amit
10305,2021-07-25 10:24:00,2021-07-25 10:27:00,2021-07-25 10:49:00,,2021-07-25 11:26:00,494.0,2.0,Pizza,Deepak,Amit
10306,2021-07-25 10:46:00,2021-07-25 10:49:00,2021-07-25 11:16:00,2021-07-25 11:33:00,2021-07-25 11:56:00,286.0,3.0,Pizza,Ramesh,Manish
10308,2021-07-25 10:53:00,2021-07-25 10:56:00,2021-07-25 11:22:00,2021-07-25 11:25:00,2021-07-25 12:04:00,494.0,2.0,Taco,Ramesh,Amit
10309,2021-07-25 10:28:00,2021-07-25 10:31:00,2021-07-25 10:43:00,2021-07-25 11:16:00,2021-07-25 12:06:00,494.0,2.0,Sandwich,Rekha,Amit
10310,2021-07-25 10:30:00,2021-07-25 10:33:00,2021-07-25 10:53:00,2021-07-25 11:05:00,2021-07-25 12:00:00,221.0,2.0,Salad,Manish,Praveen
10311,2025-07-21 10:07:00,2025-07-21 10:10:00,2025-07-21 10:21:00,2025-07-21 10:42:00,2025-07-21 11:10:00,494.0,4.0,Wrap,Rahul,Praveen
10312,2021-07-25 10:04:00,2021-07-25 10:07:00,2021-07-25 10:30:00,2021-07-25 10:44:00,2021-07-25 11:06:00,494.0,2.0,Taco,Anita,Praveen
10313,2025-07-21 10:29:00,2025-07-21 10:32:00,2025-07-21 10:52:00,2025-07-21 11:00:00,2025-07-21 11:34:00,647.0,2.0,Burger,Anita,Manish
10314,2025-07-21 10:07:00,2025-07-21 10:10:00,2025-07-21 10:18:00,2025-07-21 10:54:00,2025-07-21 11:23:00,600.0,4.0,Salad,Deepak,Praveen
10317,2021-07-25 10:49:00,2021-07-25 10:52:00,2021-07-25 11:17:00,2021-07-25 11:24:00,2021-07-25 12:05:00,494.0,4.0,Fries,Deepak,Manish
10318,2025-07-21 10:04:00,2025-07-21 10:07:00,2025-07-21 10:24:00,2025-07-21 10:53:00,2025-07-21 11:35:00,467.0,2.0,Sandwich,Rekha,Amit
10319,2025-07-21 10:25:00,2025-07-21 10:28:00,2025-07-21 10:40:00,,2025-07-21 11:23:00,494.0,3.0,Pizza,Ramesh,Suraj
10320,2025-07-21 10:33:00,2025-07-21 10:36:00,2025-07-21 10:45:00,2025-07-21 11:15:00,2025-07-21 11:45:00,494.0,2.0,Wrap,Tanya,Manish
10321,2025-07-21 10:13:00,2025-07-21 10:16:00,2025-07-21 10:29:00,2025-07-21 10:54:00,2025-07-21 11:08:00,494.0,2.0,Biryani,Anita,Suraj
10322,2025-07-21 10:55:00,2025-07-21 10:58:00,2025-07-21 11:05:00,2025-07-21 11:28:00,2025-07-21 12:15:00,552.0,1.0,Burger,Rahul,Manish
10323,2025-07-21 10:13:00,2025-07-21 10:16:00,2025-07-21 10:29:00,2025-07-21 10:57:00,2025-07-21 11:14:00,494.0,4.0,Salad,Rahul,Deepak
10324,2021-07-25 10:33:00,2021-07-25 10:36:00,2021-07-25 10:56:00,2021-07-25 11:05:00,2021-07-25 11:52:00,494.0,4.0,Wrap,Tanya,Amit
10326,2025-07-21 10:33:00,2025-07-21 10:36:00,2025-07-21 10:51:00,2025-07-21 11:10:00,2025-07-21 11:40:00,222.0,2.0,Biryani,Manish,Amit
10327,2025-07-21 10:35:00,2025-07-21 10:38:00,2025-07-21 10:56:00,2025-07-21 11:05:00,2025-07-21 11:30:00,320.0,2.0,Pizza,Tanya,Deepak
10328,2021-07-25 10:55:00,2021-07-25 10:58:00,2021-07-25 11:17:00,2021-07-25 11:39:00,2021-07-25 12:27:00,494.0,1.0,Burger,Deepak,Suraj
10329,2021-07-25 10:39:00,2021-07-25 10:42:00,2021-07-25 11:02:00,2021-07-25 11:24:00,2021-07-25 11:42:00,494.0,2.0,Pizza,Ramesh,Manish
10330,2025-07-21 10:39:00,2025-07-21 10:42:00,2025-07-21 10:49:00,2025-07-21 11:24:00,2025-07-21 11:37:00,494.0,1.0,Burger,Rahul,Manish
10331,2021-07-25 10:46:00,2021-07-25 10:49:00,2021-07-25 11:15:00,2021-07-25 11:22:00,2021-07-25 12:20:00,494.0,3.0,Biryani,Manish,Manish
10332,2025-07-21 10:42:00,2025-07-21 10:45:00,2025-07-21 11:05:00,2025-07-21 11:32:00,2025-07-21 12:06:00,638.0,2.0,Salad,Rahul,Manish
10333,2025-07-21 10:36:00,2025-07-21 10:39:00,2025-07-21 11:06:00,2025-07-21 11:08:00,2025-07-21 12:03:00,494.0,4.0,Taco,Rekha,Manish
10334,2025-07-21 10:10:00,2025-07-21 10:13:00,2025-07-21 10:35:00,2025-07-21 10:40:00,2025-07-21 11:42:00,494.0,2.0,Pizza,Rekha,Manish
10335,2025-07-21 10:10:00,2025-07-21 10:13:00,2025-07-21 10:29:00,2025-07-21 10:57:00,2025-07-21 11:50:00,494.0,2.0,Fries,Deepak,Amit
10337,2025-07-21 10:40:00,2025-07-21 10:43:00,2025-07-21 11:10:00,2025-07-21 11:11:00,2025-07-21 12:18:00,494.0,3.0,Salad,Anita,Deepak
10338,2021-07-25 10:31:00,2021-07-25 10:34:00,2021-07-25 10:58:00,2021-07-25 11:15:00,2021-07-25 11:27:00,494.0,2.0,Biryani,Deepak,Amit
10340,2025-07-21 10:09:00,2025-07-21 10:12:00,2025-07-21 10:34:00,2025-07-21 10:59:00,2025-07-21 11:29:00,494.0,2.0,Fries,Rekha,Manish
10342,2021-07-25 10:14:00,2021-07-25 10:17:00,2021-07-25 10:40:00,2021-07-25 10:55:00,2021-07-25 11:10:00,494.0,4.0,Pizza,Rekha,Deepak
10343,2021-07-25 10:03:00,2021-07-25 10:06:00,2021-07-25 10:24:00,2021-07-25 10:40:00,2021-07-25 11:37:00,494.0,2.0,Sandwich,Tanya,Praveen
10344,2025-07-21 10:41:00,2025-07-21 10:44:00,2025-07-21 11:06:00,2025-07-21 11:26:00,2025-07-21 11:49:00,319.0,1.0,Taco,Deepak,Suraj
10345,2021-07-25 10:20:00,2021-07-25 10:23:00,2021-07-25 10:47:00,,2021-07-25 11:56:00,494.0,3.0,Taco,Manish,Suraj
10346,2025-07-21 10:33:00,2025-07-21 10:36:00,2025-07-21 10:47:00,2025-07-21 11:13:00,2025-07-21 11:48:00,637.0,3.0,Biryani,Manish,Deepak
10347,2025-07-21 10:56:00,2025-07-21 10:59:00,2025-07-21 11:07:00,2025-07-21 11:34:00,2025-07-21 12:19:00,494.0,2.0,Burger,Anita,Amit
10348,2021-07-25 10:57:00,2021-07-25 11:00:00,2021-07-25 11:17:00,2021-07-25 11:47:00,2021-07-25 12:32:00,158.0,1.0,Burger,Ramesh,Manish
10349,2025-07-21 10:22:00,2025-07-21 10:25:00,2025-07-21 10:44:00,2025-07-21 11:08:00,2025-07-21 11:19:00,494.0,2.0,Fries,Deepak,Manish
10350,2021-07-25 10:16:00,2021-07-25 10:19:00,2021-07-25 10:33:00,2021-07-25 10:52:00,2021-07-25 11:52:00,494.0,2.0,Sandwich,Anita,Praveen
10352,2025-07-21 10:30:00,2025-07-21 10:33:00,2025-07-21 10:52:00,2025-07-21 11:08:00,2025-07-21 11:25:00,494.0,4.0,Wrap,Rahul,Deepak
10353,2021-07-25 10:46:00,2021-07-25 10:49:00,2021-07-25 10:57:00,2021-07-25 11:19:00,2021-07-25 12:09:00,494.0,1.0,Sandwich,Deepak,Deepak
10354,2021-07-25 10:56:00,2021-07-25 10:59:00,2021-07-25 11:23:00,2021-07-25 11:45:00,2021-07-25 11:57:00,862.0,2.0,Biryani,Tanya,Suraj
10357,2021-07-25 10:23:00,2021-07-25 10:26:00,2021-07-25 10:43:00,2021-07-25 11:11:00,2021-07-25 12:02:00,302.0,1.0,Salad,Anita,Praveen
10358,2025-07-21 10:43:00,2025-07-21 10:46:00,2025-07-21 10:56:00,2025-07-21 11:31:00,2025-07-21 12:14:00,494.0,2.0,Salad,Tanya,Deepak
10361,2021-07-25 10:04:00,2021-07-25 10:07:00,2021-07-25 10:18:00,2021-07-25 10:53:00,2021-07-25 11:29:00,494.0,2.0,Burger,Ramesh,Manish
10362,2025-07-21 10:40:00,2025-07-21 10:40:00,2025-07-21 11:04:00,2025-07-21 11:22:00,2025-07-21 12:00:00,260.0,4.0,Burger,Rekha,Deepak
10363,2025-07-21 10:47:00,2025-07-21 10:50:00,2025-07-21 11:06:00,2025-07-21 11:30:00,2025-07-21 12:02:00,494.0,1.0,Pizza,Anita,Praveen
10364,2025-07-21 10:17:00,2025-07-21 10:20:00,2025-07-21 10:46:00,2025-07-21 10:49:00,2025-07-21 11:40:00,371.0,1.0,Taco,Tanya,Amit
10365,2025-07-21 10:22:00,2025-07-21 10:25:00,2025-07-21 10:48:00,,2025-07-21 11:46:00,494.0,2.0,Salad,Deepak,Manish
10366,2021-07-25 10:59:00,2021-07-25 11:02:00,2021-07-25 11:29:00,2021-07-25 11:44:00,2021-07-25 12:36:00,494.0,2.0,Taco,Ramesh,Amit
10367,2021-07-25 10:32:00,2021-07-25 10:35:00,2021-07-25 10:55:00,2021-07-25 11:14:00,2021-07-25 12:10:00,379.0,1.0,Burger,Tanya,Praveen
10369,2021-07-25 10:32:00,2021-07-25 10:35:00,2021-07-25 10:48:00,,2021-07-25 11:30:00,494.0,3.0,Pizza,Manish,Praveen
10370,2025-07-21 10:05:00,2025-07-21 10:08:00,2025-07-21 10:21:00,2025-07-21 10:52:00,2025-07-21 11:13:00,844.0,3.0,Pizza,Manish,Amit
10372,2021-07-25 10:18:00,2021-07-25 10:21:00,2021-07-25 10:38:00,,2021-07-25 11:57:00,775.0,2.0,Sandwich,Tanya,Praveen
10373,2025-07-21 10:42:00,2025-07-21 10:45:00,2025-07-21 11:09:00,2025-07-21 11:28:00,2025-07-21 11:57:00,494.0,4.0,Biryani,Rahul,Manish
10374,2025-07-21 10:12:00,2025-07-21 10:15:00,2025-07-21 10:34:00,,2025-07-21 11:50:00,494.0,2.0,Pizza,Rahul,Manish
10376,2025-07-21 10:33:00,2025-07-21 10:36:00,2025-07-21 10:43:00,2025-07-21 11:12:00,2025-07-21 11:48:00,494.0,4.0,Burger,Tanya,Manish
10377,2025-07-21 10:31:00,2025-07-21 10:34:00,2025-07-21 11:00:00,2025-07-21 11:20:00,2025-07-21 12:02:00,580.0,2.0,Wrap,Rekha,Suraj
10378,2025-07-21 10:36:00,2025-07-21 10:39:00,2025-07-21 10:53:00,2025-07-21 11:24:00,2025-07-21 12:01:00,494.0,2.0,Sandwich,Rahul,Amit
10379,2021-07-25 10:21:00,2021-07-25 10:24:00,2021-07-25 10:32:00,2021-07-25 11:00:00,2021-07-25 11:17:00,601.0,2.0,Salad,Rekha,Praveen
10380,2021-07-25 10:25:00,2021-07-25 10:28:00,2021-07-25 10:36:00,2021-07-25 10:58:00,2021-07-25 12:03:00,494.0,1.0,Fries,Ajay,Suraj
10381,2025-07-21 10:32:00,2025-07-21 10:35:00,2025-07-21 10:57:00,2025-07-21 11:05:00,2025-07-21 11:47:00,522.0,2.0,Sandwich,Tanya,Deepak
10382,2021-07-25 10:15:00,2021-07-25 10:18:00,2021-07-25 10:27:00,2021-07-25 10:57:00,2021-07-25 11:51:00,306.0,4.0,Wrap,Ajay,Deepak
10384,2025-07-21 10:03:00,2025-07-21 10:06:00,2025-07-21 10:15:00,2025-07-21 10:43:00,2025-07-21 11:41:00,494.0,2.0,Taco,Rekha,Deepak
10385,2021-07-25 10:40:00,2021-07-25 10:43:00,2021-07-25 10:50:00,2021-07-25 11:22:00,2021-07-25 11:42:00,494.0,2.0,Sandwich,Anita,Amit
10387,2021-07-25 10:45:00,2021-07-25 10:48:00,2021-07-25 11:14:00,2021-07-25 11:30:00,2021-07-25 12:03:00,277.0,4.0,Taco,Ramesh,Deepak
10388,2025-07-21 10:17:00,2025-07-21 10:20:00,2025-07-21 10:36:00,2025-07-21 10:51:00,2025-07-21 11:07:00,494.0,2.0,Taco,Rekha,Manish
10389,2025-07-21 10:10:00,2025-07-21 10:13:00,2025-07-21 10:28:00,2025-07-21 10:55:00,2025-07-21 11:21:00,188.0,4.0,Fries,Ramesh,Suraj
10390,2025-07-21 10:20:00,2025-07-21 10:23:00,2025-07-21 10:35:00,2025-07-21 11:04:00,2025-07-21 11:47:00,517.0,2.0,Burger,Tanya,Praveen
10391,2021-07-25 10:07:00,2021-07-25 10:10:00,2021-07-25 10:29:00,2021-07-25 10:54:00,2021-07-25 11:41:00,180.0,2.0,Pizza,Rekha,Manish
10392,2025-07-21 10:16:00,2025-07-21 10:19:00,2025-07-21 10:30:00,2025-07-21 10:50:00,2025-07-21 11:23:00,494.0,4.0,Fries,Rekha,Suraj
10393,2021-07-25 10:34:00,2021-07-25 10:37:00,2021-07-25 10:55:00,2021-07-25 11:23:00,2021-07-25 12:05:00,604.0,2.0,Fries,Rahul,Deepak
10394,2025-07-21 10:04:00,2025-07-21 10:07:00,2025-07-21 10:19:00,2025-07-21 10:37:00,2025-07-21 11:23:00,494.0,2.0,Salad,Rahul,Deepak
10395,2021-07-25 10:33:00,2021-07-25 10:36:00,2021-07-25 11:03:00,2021-07-25 11:05:00,2021-07-25 11:37:00,276.0,2.0,Salad,Ramesh,Amit
10396,2025-07-21 10:40:00,2025-07-21 10:43:00,2025-07-21 11:03:00,2025-07-21 11:28:00,2025-07-21 11:45:00,270.0,2.0,Biryani,Deepak,Suraj
10397,2025-07-21 10:40:00,2025-07-21 10:43:00,2025-07-21 10:56:00,2025-07-21 11:12:00,2025-07-21 12:03:00,676.0,3.0,Wrap,Manish,Amit
10398,2025-07-21 10:39:00,2025-07-21 10:42:00,2025-07-21 10:54:00,2025-07-21 11:17:00,2025-07-21 12:00:00,494.0,4.0,Pizza,Rahul,Amit
10400,2021-07-25 10:00:00,2021-07-25 10:03:00,2021-07-25 10:22:00,2021-07-25 10:45:00,2021-07-25 11:31:00,494.0,2.0,Sandwich,Deepak,Suraj
10402,2021-07-25 10:37:00,2021-07-25 10:40:00,2021-07-25 11:06:00,2021-07-25 11:07:00,2021-07-25 12:03:00,494.0,2.0,Burger,Anita,Amit
10403,2025-07-21 10:40:00,2025-07-21 10:43:00,2025-07-21 11:02:00,2025-07-21 11:25:00,2025-07-21 11:44:00,482.0,2.0,Salad,Ajay,Deepak
10404,2025-07-21 10:22:00,2025-07-21 10:25:00,2025-07-21 10:45:00,2025-07-21 10:56:00,2025-07-21 11:56:00,357.0,1.0,Salad,Rahul,Amit
10406,2025-07-21 10:14:00,2025-07-21 10:17:00,2025-07-21 10:31:00,2025-07-21 10:55:00,2025-07-21 11:34:00,494.0,4.0,Biryani,Tanya,Amit
10407,2025-07-21 10:31:00,2025-07-21 10:34:00,2025-07-21 10:59:00,2025-07-21 11:10:00,2025-07-21 11:24:00,494.0,3.0,Sandwich,Rahul,Manish
10408,2025-07-21 10:24:00,2025-07-21 10:27:00,2025-07-21 10:38:00,2025-07-21 11:08:00,2025-07-21 11:38:00,206.0,1.0,Pizza,Ramesh,Amit
10410,2021-07-25 10:52:00,2021-07-25 10:55:00,2021-07-25 11:18:00,2021-07-25 11:24:00,2021-07-25 12:15:00,757.0,2.0,Taco,Ramesh,Deepak
10411,2021-07-25 10:18:00,2021-07-25 10:21:00,2021-07-25 10:37:00,2021-07-25 10:58:00,2021-07-25 11:52:00,494.0,2.0,Fries,Ajay,Deepak
10413,2021-07-25 10:52:00,2021-07-25 10:55:00,2021-07-25 11:06:00,2021-07-25 11:28:00,2021-07-25 11:48:00,595.0,2.0,Biryani,Rahul,Suraj
10414,2021-07-25 10:38:00,2021-07-25 10:41:00,2021-07-25 10:58:00,2021-07-25 11:16:00,2021-07-25 11:42:00,430.0,3.0,Fries,Manish,Amit
10415,2025-07-21 10:08:00,2025-07-21 10:11:00,2025-07-21 10:25:00,2025-07-21 10:46:00,2025-07-21 11:04:00,300.0,2.0,Taco,Ramesh,Suraj
10416,2025-07-21 10:35:00,2025-07-21 10:38:00,2025-07-21 10:52:00,2025-07-21 11:11:00,2025-07-21 11:58:00,477.0,1.0,Biryani,Ajay,Amit
10418,2021-07-25 10:54:00,2021-07-25 10:57:00,2021-07-25 11:11:00,2021-07-25 11:36:00,2021-07-25 12:04:00,752.0,4.0,Sandwich,Ajay,Manish
10419,2021-07-25 10:52:00,2021-07-25 10:55:00,2021-07-25 11:05:00,2021-07-25 11:35:00,2021-07-25 11:48:00,494.0,3.0,Fries,Deepak,Suraj
10420,2025-07-21 10:18:00,2025-07-21 10:21:00,2025-07-21 10:36:00,2025-07-21 11:01:00,2025-07-21 11:35:00,494.0,2.0,Salad,Ramesh,Amit
10421,2021-07-25 10:37:00,2021-07-25 10:40:00,2021-07-25 11:00:00,2021-07-25 11:11:00,2021-07-25 12:06:00,494.0,2.0,Taco,Tanya,Deepak
10422,2021-07-25 10:54:00,2021-07-25 10:57:00,2021-07-25 11:24:00,2021-07-25 11:40:00,2021-07-25 12:10:00,677.0,1.0,Fries,Manish,Praveen
10423,2021-07-25 10:34:00,2021-07-25 10:37:00,2021-07-25 10:49:00,2021-07-25 11:12:00,2021-07-25 11:45:00,494.0,4.0,Taco,Ajay,Manish
10424,2025-07-21 10:15:00,2025-07-21 10:18:00,2025-07-21 10:41:00,2025-07-21 11:05:00,2025-07-21 11:49:00,494.0,4.0,Taco,Manish,Manish
10425,2021-07-25 10:38:00,2021-07-25 10:41:00,2021-07-25 11:06:00,2021-07-25 11:20:00,2021-07-25 11:36:00,494.0,1.0,Fries,Deepak,Praveen
10426,2021-07-25 10:53:00,2021-07-25 10:56:00,2021-07-25 11:07:00,2021-07-25 11:35:00,2021-07-25 11:44:00,748.0,2.0,Biryani,Rekha,Suraj
10427,2021-07-25 10:14:00,2021-07-25 10:17:00,2021-07-25 10:33:00,2021-07-25 10:56:00,2021-07-25 11:36:00,494.0,2.0,Sandwich,Tanya,Deepak
10428,2025-07-21 10:50:00,2025-07-21 10:53:00,2025-07-21 11:08:00,2025-07-21 11:23:00,2025-07-21 11:59:00,494.0,2.0,Wrap,Manish,Praveen
10430,2025-07-21 10:05:00,2025-07-21 10:08:00,2025-07-21 10:33:00,2025-07-21 10:47:00,2025-07-21 11:28:00,494.0,2.0,Taco,Ajay,Manish
10432,2025-07-21 10:47:00,2025-07-21 10:50:00,2025-07-21 11:07:00,2025-07-21 11:34:00,2025-07-21 12:16:00,245.0,1.0,Wrap,Tanya,Suraj
10433,2021-07-25 10:35:00,2021-07-25 10:38:00,2021-07-25 11:04:00,2021-07-25 11:22:00,2021-07-25 11:45:00,494.0,1.0,Taco,Manish,Suraj
10434,2021-07-25 10:42:00,2021-07-25 10:45:00,2021-07-25 10:57:00,2021-07-25 11:32:00,2021-07-25 12:08:00,499.0,2.0,Biryani,Tanya,Suraj
10435,2025-07-21 10:52:00,2025-07-21 10:55:00,2025-07-21 11:11:00,2025-07-21 11:37:00,2025-07-21 12:21:00,494.0,2.0,Biryani,Anita,Manish
10437,2021-07-25 10:17:00,2021-07-25 10:20:00,2021-07-25 10:28:00,2021-07-25 10:57:00,2021-07-25 11:09:00,494.0,1.0,Sandwich,Rekha,Praveen
10438,2025-07-21 10:19:00,2025-07-21 10:22:00,2025-07-21 10:36:00,2025-07-21 10:51:00,2025-07-21 11:11:00,494.0,2.0,Biryani,Manish,Suraj
10439,2021-07-25 10:25:00,2021-07-25 10:28:00,2021-07-25 10:52:00,2021-07-25 11:01:00,2021-07-25 11:29:00,494.0,2.0,Biryani,Anita,Praveen
10440,2021-07-25 10:28:00,2021-07-25 10:31:00,2021-07-25 10:46:00,2021-07-25 11:01:00,2021-07-25 11:55:00,480.0,2.0,Pizza,Ajay,Amit
10441,2025-07-21 10:55:00,2025-07-21 10:58:00,2025-07-21 11:19:00,2025-07-21 11:31:00,2025-07-21 12:09:00,494.0,2.0,Salad,Rahul,Amit
10442,2021-07-25 10:06:00,2021-07-25 10:09:00,2021-07-25 10:28:00,2021-07-25 10:37:00,2021-07-25 10:56:00,494.0,2.0,Fries,Ramesh,Amit
10443,2025-07-21 10:29:00,2025-07-21 10:32:00,2025-07-21 10:55:00,2025-07-21 11:01:00,2025-07-21 12:01:00,641.0,2.0,Pizza,Anita,Amit
10444,2021-07-25 10:12:00,2021-07-25 10:15:00,2021-07-25 10:22:00,2021-07-25 10:48:00,2021-07-25 11:48:00,747.0,2.0,Salad,Tanya,Praveen
10445,2025-07-21 10:49:00,2025-07-21 10:52:00,2025-07-21 11:10:00,2025-07-21 11:29:00,2025-07-21 12:16:00,494.0,1.0,Pizza,Deepak,Praveen
10446,2021-07-25 10:47:00,2021-07-25 10:50:00,2021-07-25 11:06:00,2021-07-25 11:28:00,2021-07-25 11:41:00,465.0,1.0,Biryani,Ajay,Praveen
10448,2021-07-25 10:32:00,2021-07-25 10:35:00,2021-07-25 10:53:00,2021-07-25 11:12:00,2021-07-25 12:03:00,494.0,2.0,Taco,Anita,Deepak
10450,2021-07-25 10:02:00,2021-07-25 10:05:00,2021-07-25 10:22:00,2021-07-25 10:51:00,2021-07-25 10:57:00,659.0,3.0,Pizza,Deepak,Praveen
10451,2025-07-21 10:14:00,2025-07-21 10:17:00,2025-07-21 10:36:00,2025-07-21 10:55:00,2025-07-21 11:30:00,494.0,1.0,Biryani,Anita,Amit
10452,2021-07-25 10:25:00,2021-07-25 10:28:00,2021-07-25 10:45:00,2021-07-25 11:14:00,2021-07-25 11:35:00,494.0,2.0,Fries,Tanya,Manish
10453,2021-07-25 10:29:00,2021-07-25 10:32:00,2021-07-25 10:53:00,2021-07-25 11:07:00,2021-07-25 11:54:00,824.0,2.0,Pizza,Ramesh,Amit
10454,2025-07-21 10:31:00,2025-07-21 10:34:00,2025-07-21 10:42:00,2025-07-21 11:03:00,2025-07-21 11:25:00,246.0,2.0,Taco,Ajay,Deepak
10455,2025-07-21 10:09:00,2025-07-21 10:12:00,2025-07-21 10:34:00,2025-07-21 10:51:00,2025-07-21 11:33:00,261.0,2.0,Taco,Ajay,Manish
10456,2025-07-21 10:27:00,2025-07-21 10:30:00,2025-07-21 10:44:00,2025-07-21 11:10:00,2025-07-21 11:18:00,494.0,4.0,Biryani,Manish,Deepak
10457,2021-07-25 10:40:00,2021-07-25 10:43:00,2021-07-25 11:07:00,2021-07-25 11:10:00,2021-07-25 11:43:00,786.0,4.0,Salad,Rekha,Manish
10458,2021-07-25 10:51:00,2021-07-25 10:54:00,2021-07-25 11:15:00,2021-07-25 11:33:00,2021-07-25 11:57:00,643.0,2.0,Pizza,Ramesh,Manish
10460,2025-07-21 10:35:00,2025-07-21 10:38:00,2025-07-21 11:02:00,2025-07-21 11:17:00,2025-07-21 11:34:00,494.0,2.0,Taco,Deepak,Praveen
10461,2025-07-21 10:14:00,2025-07-21 10:17:00,2025-07-21 10:26:00,2025-07-21 10:54:00,2025-07-21 11:13:00,494.0,2.0,Taco,Rekha,Suraj
10462,2025-07-21 10:13:00,2025-07-21 10:16:00,2025-07-21 10:31:00,2025-07-21 10:50:00,2025-07-21 11:16:00,493.0,1.0,Fries,Rekha,Deepak
10464,2025-07-21 10:12:00,2025-07-21 10:15:00,2025-07-21 10:35:00,2025-07-21 11:02:00,2025-07-21 11:29:00,494.0,2.0,Sandwich,Tanya,Praveen
10465,2021-07-25 10:58:00,2021-07-25 11:01:00,2021-07-25 11:26:00,2021-07-25 11:36:00,2021-07-25 12:22:00,494.0,2.0,Biryani,Manish,Praveen
10466,2021-07-25 10:05:00,2021-07-25 10:08:00,2021-07-25 10:29:00,2021-07-25 10:42:00,2021-07-25 11:40:00,494.0,3.0,Pizza,Anita,Amit
10467,2025-07-21 10:37:00,2025-07-21 10:40:00,2025-07-21 11:05:00,2025-07-21 11:24:00,2025-07-21 11:28:00,494.0,2.0,Burger,Deepak,Deepak
10468,2021-07-25 10:18:00,2021-07-25 10:21:00,2021-07-25 10:43:00,2021-07-25 10:48:00,2021-07-25 11:09:00,828.0,3.0,Salad,Ramesh,Amit
10469,2025-07-21 10:00:00,2025-07-21 10:03:00,2025-07-21 10:15:00,2025-07-21 10:35:00,2025-07-21 11:32:00,494.0,2.0,Taco,Rekha,Suraj
10470,2021-07-25 10:12:00,2021-07-25 10:15:00,2021-07-25 10:34:00,2021-07-25 10:59:00,2021-07-25 11:34:00,494.0,4.0,Pizza,Manish,Deepak
10471,2021-07-25 10:31:00,2021-07-25 10:34:00,2021-07-25 10:53:00,2021-07-25 11:10:00,2021-07-25 11:55:00,644.0,2.0,Biryani,Rahul,Amit
10472,2025-07-21 10:27:00,2025-07-21 10:30:00,2025-07-21 10:51:00,2025-07-21 11:06:00,2025-07-21 11:55:00,494.0,2.0,Biryani,Ajay,Amit
10474,2021-07-25 10:27:00,2021-07-25 10:30:00,2021-07-25 10:40:00,2021-07-25 11:11:00,2021-07-25 11:50:00,494.0,4.0,Burger,Rahul,Deepak
10475,2025-07-21 10:17:00,2025-07-21 10:20:00,2025-07-21 10:42:00,2025-07-21 10:47:00,2025-07-21 11:23:00,494.0,1.0,Burger,Ramesh,Deepak
10476,2025-07-21 10:34:00,2025-07-21 10:37:00,2025-07-21 10:58:00,2025-07-21 11:19:00,2025-07-21 11:53:00,494.0,2.0,Biryani,Manish,Amit
10477,2021-07-25 10:10:00,2021-07-25 10:13:00,2021-07-25 10:34:00,2021-07-25 10:50:00,2021-07-25 11:20:00,351.0,2.0,Burger,Manish,Manish
10478,2021-07-25 10:16:00,2021-07-25 10:19:00,2021-07-25 10:29:00,2021-07-25 10:54:00,2021-07-25 11:46:00,573.0,2.0,Pizza,Rekha,Suraj
10479,2021-07-25 10:41:00,2021-07-25 10:44:00,2021-07-25 10:54:00,2021-07-25 11:15:00,2021-07-25 12:11:00,622.0,2.0,Burger,Anita,Suraj
10480,2021-07-25 10:56:00,2021-07-25 10:59:00,2021-07-25 11:21:00,2021-07-25 11:28:00,2021-07-25 11:59:00,508.0,3.0,Biryani,Rekha,Suraj
10481,2021-07-25 10:47:00,2021-07-25 10:50:00,2021-07-25 11:06:00,2021-07-25 11:32:00,2021-07-25 11:49:00,494.0,1.0,Pizza,Rekha,Deepak
10482,2025-07-21 10:36:00,2025-07-21 10:39:00,2025-07-21 11:02:00,2025-07-21 11:24:00,2025-07-21 12:06:00,210.0,4.0,Wrap,Ramesh,Amit
10483,2021-07-25 10:30:00,2021-07-25 10:33:00,2021-07-25 10:53:00,2021-07-25 11:11:00,2021-07-25 11:56:00,494.0,3.0,Fries,Deepak,Deepak
10484,2021-07-25 10:38:00,2021-07-25 10:41:00,2021-07-25 10:59:00,2021-07-25 11:13:00,2021-07-25 11:32:00,494.0,2.0,Wrap,Ramesh,Suraj
10485,2021-07-25 10:21:00,2021-07-25 10:24:00,2021-07-25 10:46:00,2021-07-25 10:57:00,2021-07-25 11:39:00,494.0,3.0,Wrap,Deepak,Amit
10486,2025-07-21 10:09:00,2025-07-21 10:12:00,2025-07-21 10:34:00,2025-07-21 10:57:00,2025-07-21 11:21:00,745.0,2.0,Sandwich,Ajay,Amit
10487,2025-07-21 10:13:00,2025-07-21 10:16:00,2025-07-21 10:33:00,2025-07-21 11:03:00,2025-07-21 11:11:00,494.0,2.0,Salad,Rekha,Manish
10488,2021-07-25 10:40:00,2021-07-25 10:43:00,2021-07-25 11:02:00,2021-07-25 11:19:00,2021-07-25 11:58:00,494.0,2.0,Fries,Ajay,Suraj
10489,2021-07-25 10:37:00,2021-07-25 10:40:00,2021-07-25 10:52:00,2021-07-25 11:20:00,2021-07-25 11:43:00,494.0,2.0,Pizza,Tanya,Deepak
10490,2021-07-25 10:39:00,2021-07-25 10:42:00,2021-07-25 11:03:00,2021-07-25 11:24:00,2021-07-25 11:48:00,663.0,4.0,Fries,Rahul,Praveen
10492,2021-07-25 10:32:00,2021-07-25 10:35:00,2021-07-25 10:44:00,2021-07-25 11:02:00,2021-07-25 12:00:00,279.0,2.0,Burger,Ajay,Praveen
10493,2021-07-25 10:18:00,2021-07-25 10:21:00,2021-07-25 10:29:00,2021-07-25 10:50:00,2021-07-25 11:53:00,494.0,3.0,Burger,Rekha,Praveen
10494,2021-07-25 10:13:00,2021-07-25 10:16:00,2021-07-25 10:24:00,,2021-07-25 11:23:00,494.0,3.0,Biryani,Deepak,Praveen
10496,2021-07-25 10:47:00,2021-07-25 10:50:00,2021-07-25 11:15:00,2021-07-25 11:19:00,2021-07-25 12:19:00,638.0,1.0,Wrap,Ajay,Manish
10498,2025-07-21 10:12:00,2025-07-21 10:15:00,2025-07-21 10:22:00,2025-07-21 10:58:00,2025-07-21 11:12:00,380.0,1.0,Pizza,Manish,Praveen
10499,2025-07-21 10:31:00,2025-07-21 10:34:00,2025-07-21 10:47:00,2025-07-21 11:21:00,2025-07-21 11:33:00,319.0,2.0,Biryani,Rekha,Praveen
